CustomerID,Gender,Age,Location,TotalPurchases,TotalSpent,FavoriteCategory,MembershipLevel,SatisfactionLevel,LastPurchaseDate,FrequencyOfVisits
101,Female,29,New York,14,1120.2,Electronics,Gold,Satisfied,2022/10/30,7
102,Male,34,Los Angeles,11,780.5,Clothing,Silver,Satisfied,2023/6/1,5
103,Female,43,Chicago,9,510.75,Electronics,Bronze,Unsatisfied,2022/12/29,4
104,Male,30,San Francisco,19,1480.3,Clothing,Gold,Satisfied,2023/3/22,9
105,Male,27,Miami,13,720.4,Clothing,Silver,Satisfied,2022/6/22,5
106,Female,37,Houston,8,440.8,Home Goods,Bronze,Unsatisfied,2022/3/7,3
107,Female,31,New York,15,1150.6,Electronics,Gold,Satisfied,2022/10/26,7
108,Male,35,Los Angeles,12,800.9,Home Goods,Silver,Satisfied,2022/8/16,5
109,Female,41,Chicago,10,495.25,Electronics,Bronze,Unsatisfied,2022/10/14,4
110,Male,28,San Francisco,21,1520.1,Electronics,Gold,Satisfied,2023/2/14,10
111,Male,32,Miami,11,690.3,Electronics,Silver,Unsatisfied,2022/9/3,5
112,F,36,Houston,7,470.5,Home Goods,Bronze,Unsatisfied,2023/11/14,3
113,Female,,New York,16,1200.8,Clothing,Gold,Satisfied,2023/10/4,8
114,Male,33,Los Angeles,13,820.75,Home Goods,Silver,Satisfied,2023/11/8,6
115,Female,42,Chicago,9,530.4,Home Goods,Bronze,Unsatisfied,2023/2/4,4
116,Male,29,San Francisco,18,1360.2,Electronics,Gold,Satisfied,2022/3/11,9
117,Male,26,Miami,12,700.6,Clothing,Silver,Unsatisfied,2022/4/10,5
118,Female,38,Houston,8,450.9,Clothing,Bronze,Unsatisfied,2023/7/27,3
119,Female,32,New York,14,1170.3,Clothing,Gold,Satisfied,2022/6/15,7
120,Male,34,Los Angeles,11,790.2,Clothing,Silver,Satisfied,2023/9/22,5
121,Female,43,Chicago,10,505.75,Electronics,Bronze,Unsatisfied,2023/6/19,4
122,Male,30,San Francisco,20,1470.5,Clothing,Gold,Satisfied,2023/3/12,10
123,Male,27,Miami,13,710.4,Electronics,Silver,Satisfied,2022/7/5,5
124,Female,37,Houston,7,430.8,Electronics,Bronze,Unsatisfied,2022/2/26,3
125,Female,31,New York,15,1140.6,Clothing,Gold,Satisfied,2022/3/29,7
126,Male,35,Los Angeles,12,810.9,Home Goods,Silver,Satisfied,2023/12/24,6
127,Female,41,Chicago,9,485.25,Electronics,Bronze,Unsatisfied,2022/1/16,4
128,M,28,San Francisco,21,1500.1,Home Goods,Gold,Satisfied,2022/7/21,10
129,M,32,Miami,10,670.3,Electronics,Silver,Unsatisfied,2022/8/20,5
130,Female,36,Houston,8,460.5,Clothing,Bronze,Unsatisfied,2023/6/11,3
131,Female,30,New York,16,1190.8,Clothing,Gold,Satisfied,2022/10/8,8
132,Male,33,Los Angeles,13,830.75,Home Goods,Silver,Satisfied,2022/9/25,6
133,Female,42,Chicago,9,520.4,Electronics,Bronze,Unsatisfied,2022/9/20,4
134,Male,29,San Francisco,18,1370.2,Clothing,Gold,Satisfied,2022/6/13,9
135,Male,,Miami,12,690.6,Clothing,Silver,Unsatisfied,2022/12/2,
136,Female,38,Houston,8,440.9,Clothing,Bronze,Unsatisfied,2023/11/11,3
137,Female,32,New York,14,1160.3,Electronics,Gold,Satisfied,2022/3/14,7
138,M,34,Los Angeles,11,800.2,Home Goods,Silver,Satisfied,2023/4/1,5
139,Female,43,Chicago,10,500.75,Electronics,Bronze,Unsatisfied,2024/1/2,4
140,Male,30,San Francisco,20,1460.5,Home Goods,Gold,Satisfied,2022/5/4,10
141,Male,27,Miami,13,700.4,Home Goods,Silver,Satisfied,2023/3/7,5
142,Female,37,Houston,7,420.8,Electronics,Bronze,Unsatisfied,2023/1/28,3
143,Female,31,New York,15,1130.6,Home Goods,Gold,Satisfied,2022/7/13,7
144,Male,35,Los Angeles,12,820.9,Electronics,Silver,Satisfied,2022/6/19,6
145,F,41,Chicago,9,480.25,Electronics,Bronze,Unsatisfied,2023/8/6,4
146,Male,28,San Francisco,21,1490.1,Electronics,Gold,Satisfied,2023/1/18,10
147,Male,32,Miami,10,680.3,Clothing,Silver,Unsatisfied,2023/1/14,5
148,Female,36,Houston,8,470.5,Clothing,Bronze,Unsatisfied,2022/2/8,
149,Female,30,New York,16,1180.8,Home Goods,Gold,Satisfied,2022/11/25,8
150,Male,34,Los Angeles,11,790.2,Electronics,Silver,Satisfied,2022/11/21,5
151,Female,43,Chicago,10,505.75,Electronics,Bronze,Unsatisfied,2023/12/8,4
152,Male,30,San Francisco,20,1470.5,Clothing,Gold,Satisfied,2022/12/31,10
153,Male,27,Miami,13,710.4,Electronics,Silver,Satisfied,2022/4/15,5
154,Female,37,Houston,7,430.8,Clothing,Bronze,Unsatisfied,2022/8/22,3
155,Female,31,New York,15,1140.6,Home Goods,Gold,Satisfied,2023/12/30,7
156,Male,35,Los Angeles,12,810.9,Home Goods,Silver,Satisfied,2022/4/29,6
157,Female,41,Chicago,9,485.25,Electronics,Bronze,Unsatisfied,2023/8/22,4
158,Male,28,San Francisco,21,1500.1,Clothing,Gold,Satisfied,2022/2/11,10
159,Male,32,Miami,10,670.3,Clothing,Silver,Unsatisfied,2022/12/26,5
160,Female,36,Houston,8,460.5,Clothing,Bronze,Unsatisfied,2022/1/15,3
161,Female,30,New York,16,1190.8,Clothing,Gold,Satisfied,2023/8/11,8
162,Male,33,Los Angeles,13,830.75,Home Goods,Silver,Satisfied,2023/4/22,6
163,Female,42,Chicago,9,520.4,Home Goods,Bronze,Unsatisfied,2023/9/2,4
164,Male,29,San Francisco,18,1370.2,Home Goods,Gold,Satisfied,2022/6/8,9
165,Male,26,Miami,12,690.6,Electronics,Silver,Unsatisfied,2022/7/23,5
166,Female,38,Houston,8,440.9,Home Goods,Bronze,Unsatisfied,2023/2/16,3
167,Female,32,New York,14,1160.3,Clothing,Gold,Satisfied,2023/9/16,7
168,Male,34,Los Angeles,11,800.2,Electronics,Silver,Satisfied,2022/3/27,5
169,Female,43,Chicago,10,500.75,Clothing,Bronze,Unsatisfied,2023/5/14,4
170,Male,30,San Francisco,20,1460.5,Home Goods,Gold,Satisfied,2023/1/11,10
171,Male,27,Miami,13,700.4,Electronics,Silver,Satisfied,2022/6/30,5
172,Female,37,Houston,7,420.8,Electronics,Bronze,Unsatisfied,2023/11/4,3
173,Female,31,New York,15,1130.6,Home Goods,Gold,Satisfied,2022/10/9,7
174,Male,35,Los Angeles,12,820.9,Electronics,Silver,Satisfied,2023/4/16,6
175,Female,41,Chicago,9,480.25,Electronics,Bronze,Unsatisfied,2022/10/19,4
176,Male,28,San Francisco,21,1490.1,Electronics,Gold,Satisfied,2022/5/13,10
177,Male,32,Miami,10,680.3,Electronics,Silver,Unsatisfied,2022/4/23,5
178,Female,36,Houston,8,470.5,Electronics,Bronze,Unsatisfied,2022/11/13,3
179,Female,30,New York,16,1180.8,Electronics,Gold,Satisfied,2023/2/1,8
180,Male,34,Los Angeles,11,790.2,Home Goods,Silver,Satisfied,2023/4/7,5
181,Female,43,Chicago,10,505.75,Electronics,Bronze,Unsatisfied,2023/1/2,4
182,Male,30,San Francisco,20,1470.5,Home Goods,Gold,Satisfied,2023/5/25,10
183,Male,27,Miami,13,710.4,Clothing,Silver,Satisfied,2023/5/26,5
184,Female,37,Houston,7,430.8,Clothing,Bronze,Unsatisfied,2022/4/3,3
185,Female,31,New York,15,1140.6,Clothing,Gold,Satisfied,2023/5/23,7
186,Male,35,Los Angeles,12,810.9,Electronics,Silver,Satisfied,2023/1/2,6
187,Female,41,Chicago,9,485.25,Clothing,Bronze,Unsatisfied,2023/8/31,4
188,Male,28,San Francisco,21,1500.1,Clothing,Gold,Satisfied,2023/12/13,10
189,Male,32,Miami,10,670.3,Clothing,Silver,Unsatisfied,2022/2/7,5
190,Female,36,Houston,8,460.5,Electronics,Bronze,Unsatisfied,2023/3/20,3
191,Female,30,New York,16,1190.8,Clothing,Gold,Satisfied,2023/1/16,8
192,Male,33,Los Angeles,13,830.75,Home Goods,Silver,Satisfied,2023/8/25,6
193,Female,42,Chicago,9,520.4,Electronics,Bronze,Unsatisfied,2024/1/3,4
194,Male,29,San Francisco,18,1370.2,Clothing,Gold,Satisfied,2023/5/25,9
195,Male,26,Miami,12,690.6,Home Goods,Silver,Unsatisfied,2022/2/25,5
196,Female,38,Houston,8,440.9,Electronics,Bronze,Unsatisfied,2022/10/19,3
197,Female,32,New York,14,1160.3,Home Goods,Gold,Satisfied,2022/11/15,7
198,Male,34,Los Angeles,11,800.2,Electronics,Silver,Satisfied,2023/3/28,5
199,Female,43,Chicago,10,500.75,Clothing,Bronze,Unsatisfied,2023/12/11,4
200,Male,30,San Francisco,20,1460.5,Home Goods,Gold,Satisfied,2023/5/3,10
201,Male,27,Miami,13,700.4,Home Goods,Silver,Satisfied,2023/1/6,5
202,Female,37,Houston,7,420.8,Clothing,Bronze,Unsatisfied,2023/6/19,3
203,Female,31,New York,15,1130.6,Electronics,Gold,Satisfied,2022/10/26,7
204,Male,35,Los Angeles,12,820.9,Clothing,Silver,Satisfied,2023/6/23,6
205,Female,41,Chicago,9,480.25,Clothing,Bronze,Unsatisfied,2022/3/30,4
206,Male,28,San Francisco,21,1490.1,Electronics,Gold,Satisfied,2022/4/9,10
207,Male,32,Miami,10,680.3,Home Goods,Silver,Unsatisfied,2022/5/10,5
208,Female,36,Houston,8,470.5,Home Goods,Bronze,Unsatisfied,2023/10/26,3
209,Female,30,New York,16,1180.8,Home Goods,Gold,Satisfied,2023/5/5,8
210,Male,34,Los Angeles,11,790.2,Home Goods,Silver,Satisfied,2023/8/24,5
211,F,43,Chicago,10,505.75,Clothing,Bronze,Unsatisfied,2022/1/29,4
212,Male,30,San Francisco,20,1470.5,Home Goods,Gold,Satisfied,2023/6/7,10
213,Male,27,Miami,13,710.4,Home Goods,Silver,Satisfied,2022/9/18,5
214,Female,37,Houston,7,430.8,Home Goods,Bronze,Unsatisfied,2022/4/26,3
215,Female,31,New York,15,1140.6,Home Goods,Gold,Satisfied,2023/2/17,7
216,Male,35,Los Angeles,12,810.9,Home Goods,Silver,Satisfied,2023/9/26,6
217,Female,41,Chicago,9,485.25,Electronics,Bronze,Unsatisfied,2023/2/13,4
218,Male,28,San Francisco,21,1500.1,Clothing,Gold,Satisfied,2022/5/21,10
219,Male,32,Miami,10,670.3,Home Goods,Silver,Unsatisfied,2023/5/28,5
220,Female,36,Houston,8,460.5,Home Goods,Bronze,Unsatisfied,2023/4/25,3
221,Female,30,New York,16,1190.8,Clothing,Gold,Satisfied,2022/4/1,8
222,Male,33,Los Angeles,13,830.75,Home Goods,Silver,Satisfied,2023/1/24,6
223,Female,42,Chicago,9,520.4,Clothing,Bronze,Unsatisfied,2023/9/21,4
224,Male,29,San Francisco,18,1370.2,Electronics,Gold,Satisfied,2022/8/5,9
225,Male,26,Miami,12,690.6,Home Goods,Silver,Unsatisfied,2023/8/10,5
226,Female,38,Houston,8,440.9,Home Goods,Bronze,Unsatisfied,2022/9/17,3
227,Female,32,New York,14,1160.3,Electronics,Gold,Satisfied,2022/12/10,7
228,Male,34,Los Angeles,11,800.2,Home Goods,Silver,Satisfied,2022/2/22,5
229,F,43,Chicago,10,500.75,Electronics,Bronze,Unsatisfied,2022/6/27,4
230,Male,30,San Francisco,20,1460.5,Electronics,Gold,Satisfied,2024/1/6,10
231,Male,27,Miami,13,700.4,Home Goods,Silver,Satisfied,2023/1/11,5
232,Female,37,Houston,7,420.8,Electronics,Bronze,Unsatisfied,2022/2/14,3
233,Female,31,New York,15,1130.6,Home Goods,Gold,Satisfied,2022/7/5,7
234,M,35,Los Angeles,12,820.9,Home Goods,Silver,Satisfied,2023/10/9,6
235,Female,41,Chicago,9,480.25,Home Goods,Bronze,Unsatisfied,2023/10/24,4
236,Male,28,San Francisco,21,1490.1,Electronics,Gold,Satisfied,2022/8/25,
237,Male,32,Miami,10,680.3,Electronics,Silver,Unsatisfied,2022/4/11,5
238,Female,36,Houston,8,470.5,Electronics,Bronze,Unsatisfied,2023/1/28,3
239,Female,30,New York,16,1180.8,Clothing,Gold,Satisfied,2023/10/2,8
240,Male,34,Los Angeles,11,790.2,Home Goods,Silver,Satisfied,2023/3/30,5
241,Female,43,Chicago,10,505.75,Electronics,Bronze,Unsatisfied,2022/1/18,4
242,Male,30,San Francisco,20,1470.5,Clothing,Gold,Satisfied,2023/12/5,10
243,M,27,Miami,13,710.4,Home Goods,Silver,Satisfied,2023/9/13,5
244,Female,37,Houston,7,430.8,Home Goods,Bronze,Unsatisfied,2022/10/9,3
245,F,31,New York,15,1130.6,Home Goods,Gold,Satisfied,2022/11/4,7
246,Male,35,Los Angeles,12,820.9,Clothing,Silver,Satisfied,2022/2/15,6
247,Female,41,Chicago,9,480.25,Electronics,Bronze,Unsatisfied,2023/7/17,4
248,Male,28,San Francisco,21,1490.1,Electronics,Gold,Satisfied,2023/8/27,10
249,Male,32,Miami,10,680.3,Electronics,Silver,Unsatisfied,2022/10/22,5
250,Female,36,Houston,8,470.5,Electronics,Bronze,Unsatisfied,2023/10/5,3
251,Female,30,New York,16,1180.8,Home Goods,Gold,Satisfied,2023/1/24,8
252,Male,34,Los Angeles,11,790.2,Home Goods,Silver,Satisfied,2022/12/1,5
253,Female,43,Chicago,10,505.75,Electronics,Bronze,Unsatisfied,2022/11/13,4
254,Male,30,San Francisco,20,1470.5,Electronics,Gold,Satisfied,2022/1/30,10
255,Male,27,Miami,13,710.4,Electronics,Silver,Satisfied,2022/11/28,5
256,Female,37,Houston,7,430.8,Clothing,Bronze,Unsatisfied,2023/7/5,3
257,Female,31,New York,15,1140.6,Home Goods,Gold,Satisfied,2022/12/27,7
258,Male,35,Los Angeles,12,810.9,Electronics,Silver,Satisfied,2022/3/1,6
259,Female,41,Chicago,9,485.25,Electronics,Bronze,Unsatisfied,2022/2/3,4
260,Male,28,San Francisco,21,1500.1,Clothing,Gold,Satisfied,2022/8/8,10
261,M,32,Miami,10,670.3,Electronics,Silver,Unsatisfied,2022/8/27,5
262,Female,36,Houston,8,460.5,Home Goods,Bronze,Unsatisfied,2022/8/26,3
263,Female,30,New York,16,1190.8,Clothing,Gold,Satisfied,2023/6/15,8
264,Male,33,Los Angeles,13,830.75,Clothing,Silver,Satisfied,2022/11/18,6
265,Female,42,Chicago,9,520.4,Clothing,Bronze,Unsatisfied,2023/1/6,4
266,Male,29,San Francisco,18,1370.2,Electronics,Gold,Satisfied,2022/11/13,9
267,Male,26,Miami,12,690.6,Electronics,Silver,Unsatisfied,2022/5/31,5
268,Female,38,Houston,8,440.9,Electronics,Bronze,Unsatisfied,2023/6/2,3
269,Female,32,New York,14,1160.3,Clothing,Gold,Satisfied,2022/7/17,7
270,Male,34,Los Angeles,11,800.2,Clothing,Silver,Satisfied,2022/12/28,5
271,Female,43,Chicago,10,500.75,Home Goods,Bronze,Unsatisfied,2023/12/15,4
272,Male,30,San Francisco,20,1460.5,Clothing,Gold,Satisfied,2022/10/3,
273,Male,27,Miami,13,700.4,Electronics,Silver,Satisfied,2022/1/17,5
274,Female,37,Houston,7,430.8,Electronics,Bronze,Unsatisfied,2023/1/17,3
275,Female,31,New York,15,1140.6,Clothing,Gold,Satisfied,2022/5/14,7
276,Male,35,Los Angeles,12,820.9,Home Goods,Silver,Satisfied,2023/11/16,6
277,Female,41,Chicago,9,480.25,Clothing,Bronze,Unsatisfied,2022/1/16,4
278,Male,28,San Francisco,21,1490.1,Clothing,Gold,Satisfied,2022/6/12,10
279,Male,32,Miami,10,680.3,Clothing,Silver,Unsatisfied,2022/10/19,5
280,Female,36,Houston,8,470.5,Electronics,Bronze,Unsatisfied,2023/9/24,3
281,Female,30,New York,16,1180.8,Electronics,Gold,Satisfied,2022/4/6,8
282,Male,34,Los Angeles,11,790.2,Electronics,Silver,Satisfied,2022/12/8,5
283,Female,43,Chicago,10,505.75,Clothing,Bronze,Unsatisfied,2023/2/13,4
284,Male,30,San Francisco,20,1470.5,Home Goods,Gold,Satisfied,2022/5/10,10
285,Male,27,Miami,13,710.4,Clothing,Silver,Satisfied,2022/8/6,5
286,Female,37,Houston,7,430.8,Clothing,Bronze,Unsatisfied,2022/2/20,3
287,Female,31,New York,15,1130.6,Electronics,Gold,Satisfied,2023/5/6,7
288,Male,35,Los Angeles,12,820.9,Electronics,Silver,Satisfied,2022/11/18,6
289,Female,41,Chicago,9,485.25,Clothing,Bronze,Unsatisfied,2022/7/28,4
290,Male,28,San Francisco,21,1500.1,Home Goods,Gold,Satisfied,2023/7/21,10
291,Male,32,Miami,10,670.3,Electronics,Silver,Unsatisfied,2023/7/24,5
292,Female,36,Houston,8,460.5,Home Goods,Bronze,Unsatisfied,2023/3/3,3
293,Female,30,New York,16,1190.8,Home Goods,Gold,Satisfied,2022/5/22,8
294,Male,33,Los Angeles,13,830.75,Clothing,Silver,Satisfied,2022/12/11,6
295,Female,42,Chicago,9,520.4,Clothing,Bronze,Unsatisfied,2023/5/31,4
296,Male,29,San Francisco,18,1370.2,Clothing,Gold,Satisfied,2022/2/24,9
297,Male,26,Miami,12,690.6,Home Goods,Silver,Unsatisfied,2023/9/14,5
298,Female,38,Houston,8,440.9,Electronics,Bronze,Unsatisfied,2023/2/6,3
299,Female,32,New York,14,1160.3,Electronics,Gold,Satisfied,2023/6/1,7
300,Male,34,Los Angeles,11,800.2,Clothing,Silver,Satisfied,2023/5/5,5
301,Male,36,San Francisco,19,1420.8,Electronics,Gold,Satisfied,2023/9/28,9
302,Female,29,Miami,14,730.4,Home Goods,Silver,Satisfied,2022/11/17,6
303,Female,35,Houston,7,450.6,Home Goods,Bronze,Unsatisfied,2023/5/30,3
304,Male,31,New York,17,1210.6,Electronics,Gold,Satisfied,2023/7/12,8
305,Male,27,Los Angeles,11,780.9,Home Goods,Silver,Satisfied,2022/8/16,5
306,F,42,Chicago,10,495.25,Home Goods,Bronze,Unsatisfied,2023/7/16,4
307,Male,29,San Francisco,18,1390.2,Home Goods,Gold,Satisfied,2022/5/11,9
308,Male,26,Miami,12,670.6,Clothing,Silver,Unsatisfied,2022/4/20,5
309,Female,38,Houston,8,460.9,Clothing,Bronze,Unsatisfied,2022/3/4,3
310,Female,32,New York,14,1170.3,Electronics,Gold,Satisfied,2023/11/1,7
311,Male,34,Los Angeles,11,810.2,Electronics,Silver,Satisfied,2022/10/7,5
312,Female,43,Chicago,9,515.75,Electronics,Bronze,Unsatisfied,2023/9/3,4
313,Male,30,San Francisco,20,1450.5,Home Goods,Gold,Satisfied,2023/8/21,
314,Male,27,Miami,13,690.4,Home Goods,Silver,Satisfied,2022/4/22,5
315,Female,37,Houston,7,420.8,Clothing,Bronze,Unsatisfied,2023/8/4,3
316,Female,31,New York,15,1130.6,Clothing,Gold,Satisfied,2022/2/9,7
317,Male,35,Los Angeles,12,820.9,Electronics,Silver,Satisfied,2023/9/8,6
318,Female,41,Chicago,9,480.25,Electronics,Bronze,Unsatisfied,2023/2/19,4
319,Male,28,San Francisco,21,1490.1,Home Goods,Gold,Satisfied,2022/10/15,10
320,Male,32,Miami,10,680.3,Clothing,Silver,Unsatisfied,2022/1/27,5
321,Female,36,Houston,8,470.5,Clothing,Bronze,Unsatisfied,2023/3/22,3
322,Female,30,New York,16,1180.8,Home Goods,Gold,Satisfied,2024/1/3,8
323,Male,34,Los Angeles,11,790.2,Electronics,Silver,Satisfied,2022/2/5,5
324,Female,43,Chicago,10,505.75,Clothing,Bronze,Unsatisfied,2023/5/13,4
325,Male,30,San Francisco,20,1470.5,Clothing,Gold,Satisfied,2022/2/28,10
326,Male,27,Miami,13,710.4,Clothing,Silver,Satisfied,2023/7/19,5
327,Female,37,Houston,7,430.8,Clothing,Bronze,Unsatisfied,2022/1/13,3
328,Female,31,New York,15,1140.6,Clothing,Gold,Satisfied,2022/6/3,7
329,M,35,Los Angeles,12,820.9,Home Goods,Silver,Satisfied,2022/3/17,6
330,Female,41,Chicago,9,485.25,Home Goods,Bronze,Unsatisfied,2022/4/19,4
331,Male,28,San Francisco,21,1500.1,Home Goods,Gold,Satisfied,2022/5/12,10
332,Male,32,Miami,10,670.3,Electronics,Silver,Unsatisfied,2022/5/2,5
333,Female,36,Houston,8,460.5,Clothing,Bronze,Unsatisfied,2022/12/23,3
334,Female,30,New York,16,1190.8,Home Goods,Gold,Satisfied,2022/1/27,8
335,Male,33,Los Angeles,13,830.75,Clothing,Silver,Satisfied,2023/9/19,6
336,Female,42,Chicago,9,520.4,Clothing,Bronze,Unsatisfied,2023/2/11,4
337,Male,29,San Francisco,18,1370.2,Clothing,Gold,Satisfied,2023/9/28,9
338,Male,26,Miami,12,690.6,Clothing,Silver,Unsatisfied,2022/2/11,5
339,Female,38,Houston,8,440.9,Electronics,Bronze,Unsatisfied,2022/8/17,3
340,Female,32,New York,14,1160.3,Home Goods,Gold,Satisfied,2022/3/6,7
341,Male,34,Los Angeles,11,800.2,Home Goods,Silver,Satisfied,2022/5/23,5
342,Female,43,Chicago,9,525.75,Electronics,Bronze,Unsatisfied,2023/12/2,4
343,Male,30,San Francisco,20,1460.5,Clothing,Gold,Satisfied,2023/5/14,10
344,Male,27,Miami,13,720.4,Clothing,Silver,Satisfied,2023/5/8,5
345,Female,37,Houston,7,440.8,Electronics,Bronze,Unsatisfied,2023/5/1,3
346,Female,31,New York,15,1150.6,Electronics,Gold,Satisfied,2022/12/10,7
347,Male,35,Los Angeles,12,830.9,Electronics,Silver,Satisfied,2023/3/31,6
348,Female,41,Chicago,9,490.25,Home Goods,Bronze,Unsatisfied,2023/12/16,4
349,Male,28,San Francisco,21,1480.1,Clothing,Gold,Satisfied,2022/11/3,10
350,Male,32,Miami,10,690.3,Home Goods,Silver,Unsatisfied,2023/5/22,5
351,Female,36,Houston,8,480.5,Clothing,Bronze,Unsatisfied,2022/12/2,3
352,Female,30,New York,16,1170.8,Home Goods,Gold,Satisfied,2023/8/6,8
353,Male,34,Los Angeles,11,790.2,Electronics,Silver,Satisfied,2023/9/9,5
354,Female,43,Chicago,10,510.75,Home Goods,Bronze,Unsatisfied,2022/2/28,4
355,Male,30,San Francisco,19,1440.5,Electronics,Gold,Satisfied,2022/12/17,9
356,Male,27,Miami,13,700.4,Clothing,Silver,Satisfied,2022/12/13,5
357,F,37,Houston,7,410.8,Clothing,Bronze,Unsatisfied,2022/1/26,3
358,Female,31,New York,15,1160.6,Clothing,Gold,Satisfied,2022/12/6,7
359,Male,35,Los Angeles,12,810.9,Electronics,Silver,Satisfied,2023/1/25,6
360,Female,41,Chicago,9,495.25,Electronics,Bronze,Unsatisfied,2022/5/30,4
361,Male,28,San Francisco,21,1490.1,Electronics,Gold,Satisfied,2023/10/20,10
362,Male,32,Miami,10,660.3,Electronics,Silver,Unsatisfied,2022/6/1,5
363,Female,36,Houston,8,430.5,Electronics,Bronze,Unsatisfied,2023/6/21,3
364,Female,30,New York,16,1200.8,Electronics,Gold,Satisfied,2023/8/26,8
365,Male,34,Los Angeles,11,780.2,Clothing,Silver,Satisfied,2022/6/26,5
366,Female,43,Chicago,10,505.75,Electronics,Bronze,Unsatisfied,2022/2/6,4
367,Male,30,San Francisco,20,1460.5,Home Goods,Gold,Satisfied,2023/7/20,
368,Male,27,Miami,13,710.4,Home Goods,Silver,Satisfied,2022/10/12,5
369,Female,37,Houston,7,450.8,Clothing,Bronze,Unsatisfied,2023/8/21,3
370,Female,31,New York,15,1140.6,Clothing,Gold,Satisfied,2023/2/27,7
371,Male,35,Los Angeles,12,800.9,Clothing,Silver,Satisfied,2022/9/18,5
372,Female,41,Chicago,9,475.25,Home Goods,Bronze,Unsatisfied,2023/1/26,4
373,Male,28,San Francisco,21,1480.1,Clothing,Gold,Satisfied,2022/12/15,10
374,Male,32,Miami,10,660.3,Clothing,Silver,Unsatisfied,2023/9/3,5
375,Female,36,Houston,8,470.5,Electronics,Bronze,Unsatisfied,2022/1/18,3
376,Female,30,New York,16,1190.8,Clothing,Gold,Satisfied,2023/6/23,8
377,Male,33,Los Angeles,11,770.2,Home Goods,Silver,Satisfied,2022/2/7,5
378,Female,43,Chicago,10,515.75,Clothing,Bronze,Unsatisfied,2023/12/20,4
379,Male,30,San Francisco,19,1450.5,Clothing,Gold,Satisfied,2022/1/27,9
380,Male,27,Miami,13,710.4,Electronics,Silver,Satisfied,2022/10/16,5
381,Female,37,Houston,7,430.8,Electronics,Bronze,Unsatisfied,2023/1/21,3
382,Female,31,New York,15,1160.6,Clothing,Gold,Satisfied,2022/3/13,7
383,Male,35,Los Angeles,12,820.9,Clothing,Silver,Satisfied,2022/4/3,6
384,Female,41,Chicago,9,495.25,Home Goods,Bronze,Unsatisfied,2023/2/15,4
385,Male,28,San Francisco,21,1490.1,Clothing,Gold,Satisfied,2022/11/8,10
386,Male,32,Miami,10,660.3,Home Goods,Silver,Unsatisfied,2023/7/26,5
387,Female,36,Houston,8,440.5,Home Goods,Bronze,Unsatisfied,2022/6/15,3
388,Female,30,New York,16,1200.8,Clothing,Gold,Satisfied,2023/7/13,8
389,Male,34,Los Angeles,11,780.2,Home Goods,Silver,Satisfied,2022/10/24,5
390,Female,43,Chicago,10,505.75,Home Goods,Bronze,Unsatisfied,2022/3/13,4
391,Male,30,San Francisco,20,1460.5,Electronics,Gold,Satisfied,2022/3/4,10
392,Male,27,Miami,13,710.4,Clothing,Silver,Satisfied,2022/10/1,5
393,Female,37,Houston,7,450.8,Clothing,Bronze,Unsatisfied,2023/8/24,3
394,Female,31,New York,15,1140.6,Clothing,Gold,Satisfied,2023/11/21,7
395,Male,35,Los Angeles,12,800.9,Home Goods,Silver,Satisfied,2022/8/28,5
396,Female,41,Chicago,9,475.25,Clothing,Bronze,Unsatisfied,2022/4/7,4
397,Male,28,San Francisco,21,1480.1,Clothing,Gold,Satisfied,2023/2/3,10
398,Male,32,Miami,10,660.3,Clothing,Silver,Unsatisfied,2023/8/2,5
399,Female,36,Houston,8,470.5,Home Goods,Bronze,Unsatisfied,2022/7/31,3
400,Female,30,New York,16,1190.8,Electronics,Gold,Satisfied,2022/4/16,8
401,Male,33,Los Angeles,11,800.2,Clothing,Silver,Satisfied,2023/3/24,5
402,Female,43,Chicago,10,515.75,Electronics,Bronze,Unsatisfied,2023/9/13,4
403,Male,30,San Francisco,19,1450.5,Clothing,Gold,Satisfied,2022/5/17,9
404,Male,,Miami,13,710.4,Clothing,Silver,Satisfied,2022/4/10,5
405,Female,37,Houston,7,430.8,Home Goods,Bronze,Unsatisfied,2022/11/23,3
406,Female,31,New York,15,1160.6,Electronics,Gold,Satisfied,2023/7/16,7
407,Male,35,Los Angeles,12,820.9,Home Goods,Silver,Satisfied,2022/8/26,6
408,Female,41,Chicago,9,495.25,Electronics,Bronze,Unsatisfied,2022/6/21,4
409,Male,28,San Francisco,21,1490.1,Home Goods,Gold,Satisfied,2022/4/24,10
410,Male,32,Miami,10,660.3,Electronics,Silver,Unsatisfied,2022/6/9,5
411,Female,36,Houston,8,440.5,Home Goods,Bronze,Unsatisfied,2023/2/8,3
412,Female,30,New York,16,1200.8,Electronics,Gold,Satisfied,2022/5/31,8
413,Male,34,Los Angeles,11,780.2,Electronics,Silver,Satisfied,2023/8/13,5
414,Female,43,Chicago,10,505.75,Electronics,Bronze,Unsatisfied,2022/4/3,4
415,Male,30,San Francisco,20,1460.5,Electronics,Gold,Satisfied,2023/11/19,10
416,Male,27,Miami,13,710.4,Clothing,Silver,Satisfied,2023/10/22,5
417,Female,37,Houston,7,450.8,Home Goods,Bronze,Unsatisfied,2023/3/19,3
418,Female,31,New York,15,1140.6,Electronics,Gold,Satisfied,2023/9/12,7
419,Male,35,Los Angeles,12,800.9,Electronics,Silver,Satisfied,2022/8/31,5
420,Female,41,Chicago,9,475.25,Clothing,Bronze,Unsatisfied,2022/6/25,4
421,Male,28,San Francisco,21,1480.1,Home Goods,Gold,Satisfied,2023/9/19,10
422,Male,32,Miami,10,660.3,Clothing,Silver,Unsatisfied,2023/7/11,5
423,Female,36,Houston,8,470.5,Electronics,Bronze,Unsatisfied,2022/6/24,3
424,Female,30,New York,16,1190.8,Electronics,Gold,Satisfied,2023/10/27,8
425,Male,34,Los Angeles,11,780.2,Electronics,Silver,Satisfied,2022/10/30,5
426,Female,43,Chicago,10,515.75,Electronics,Bronze,Unsatisfied,2023/3/27,4
427,Male,30,San Francisco,19,1450.5,Electronics,Gold,Satisfied,2022/8/9,9
428,Male,27,Miami,13,710.4,Clothing,Silver,Satisfied,2023/10/24,5
429,Female,37,Houston,7,430.8,Electronics,Bronze,Unsatisfied,2022/5/20,3
430,Female,31,New York,15,1160.6,Home Goods,Gold,Satisfied,2022/9/3,7
431,Male,35,Los Angeles,12,820.9,Home Goods,Silver,Satisfied,2023/2/19,6
432,Female,,Chicago,9,495.25,Home Goods,Bronze,Unsatisfied,2022/7/23,4
433,Male,28,San Francisco,21,1490.1,Electronics,Gold,Satisfied,2023/6/12,10
434,Male,32,Miami,10,660.3,Electronics,Silver,Unsatisfied,2023/11/25,5
435,Female,36,Houston,8,440.5,Home Goods,Bronze,Unsatisfied,2022/8/26,3
436,Female,30,New York,16,1200.8,Electronics,Gold,Satisfied,2023/12/9,8
437,Male,34,Los Angeles,11,780.2,Home Goods,Silver,Satisfied,2022/11/22,5
438,F,43,Chicago,10,505.75,Home Goods,Bronze,Unsatisfied,2023/7/10,4
439,Male,30,San Francisco,20,1460.5,Electronics,Gold,Satisfied,2023/3/8,10
440,Male,27,Miami,13,710.4,Clothing,Silver,Satisfied,2022/5/2,5
441,F,37,Houston,7,450.8,Clothing,Bronze,Unsatisfied,2023/4/23,3
442,Female,31,New York,15,1140.6,Clothing,Gold,Satisfied,2022/12/30,7
443,Male,35,Los Angeles,12,800.9,Electronics,Silver,Satisfied,2022/12/22,5
444,Female,,Chicago,9,475.25,Electronics,Bronze,Unsatisfied,2022/5/4,4
445,Male,28,San Francisco,21,1480.1,Clothing,Gold,Satisfied,2023/10/8,10
446,Male,32,Miami,10,660.3,Electronics,Silver,Unsatisfied,2023/10/30,5
447,Female,36,Houston,8,470.5,Electronics,Bronze,Unsatisfied,2022/4/29,3
448,Female,30,New York,16,1190.8,Clothing,Gold,Satisfied,2022/8/2,8
449,Male,34,Los Angeles,11,780.2,Home Goods,Silver,Satisfied,2023/12/25,5
450,Female,43,Chicago,10,515.75,Home Goods,Bronze,Unsatisfied,2022/4/30,4
